name,diet,meal_type,cal,fat,carb,protein
Cranberry Apple Granola Bites,balanced,breakfast,274,11,42,7
Whole Wheat Quinoa Flour Pancakes recipes,balanced,breakfast,233,7,32,9
Pumpkin French Toast Recipe,balanced,breakfast,156,5,21,8
Almond Butter Quinoa Granola recipes,balanced,breakfast,660,27,88,21
Cheesy Leftover Mashed Potato Pancakes r2,balanced,breakfast,123,6,15,4
Popovers recipes,balanced,breakfast,142,6,18,6
Cinnamon French Toast,balanced,breakfast,204,9,21,7
Healthy Chinese Food: 5 Must-Have Ingredients to Include in Your Diet,balanced,breakfast,205,7,29,5
Simple Spelt Pancakes recipes,balanced,breakfast,311,10,47,10
Savory Cheddar Bread,balanced,breakfast,122,5,14,5
whole wheat blueberry pancakes + the secre,balanced,breakfast,159,6,23,5
All you need to Know About Vegan Protein,balanced,breakfast,101,3,18,3
Triple Corn Quick Bread,balanced,breakfast,268,11,34,9
Cheesy Zucchini Protein Pancakes (Yum!),balanced,breakfast,214,10,24,9
Pumpkin Pie Pancakes recipes,balanced,breakfast,276,13,32,9
French Toast,balanced,breakfast,112,4,14,4
Oatmeal & Greek Yogurt Pancakes 0 recipes,balanced,breakfast,445,19,54,15
Crunchy Nut and Apple Oatmeal,balanced,breakfast,102,3,17,3
Apple & Peanut Butter Swirl Snack Squares,balanced,breakfast,317,13,44,9
Vegetarian Breakfast Pizza,balanced,breakfast,523,22,57,24
"Achari Jhinga Recipe, How to make Achari J",high-protein,breakfast,91,2,5,14
Sweet and Tangy Turkey,high-protein,breakfast,325,13,8,41
Uni Scrambled Eggs,high-protein,breakfast,130,7,1,17
Prawns Omelette 虾仁炒蛋,high-protein,breakfast,106,2,7,15
Protein Shake,high-protein,breakfast,87,1,7,13
The Works,high-protein,breakfast,107,4,4,14
Butternut Squash & Spinach Breakfast Bake recipes,high-protein,breakfast,56,0,6,7
Crayfish Bake Recipe,high-protein,breakfast,850,34,6,110
Homemade Ground Turkey Breakfast Sausage recipes,high-protein,breakfast,685,35,3,90
Chicken Parm Panini,high-protein,breakfast,213,7,9,27
Lemony Blueberry Mango Smoothie,high-protein,breakfast,195,3,18,25
Skinny Frappuccino,high-protein,breakfast,121,1,19,18
Turkey Breakfast Patties,high-protein,breakfast,177,7,3,25
Vietnamese Cha Tom recipes,high-protein,breakfast,189,8,6,25
A Pear Sunflower Smoothie,high-protein,breakfast,87,1,7,13
5 Ingredient Vegan Ricotta,high-protein,breakfast,182,9,7,23
Day 3 and 4- More Of The Same and Antipasto Snack Pack {Recipe},high-protein,breakfast,154,4,3,25
Protein Pancakes,high-protein,breakfast,117,5,2,15
5. Oatmeal recipes,high-protein,breakfast,653,14,0,122
Amaretto Mocha Protein Drink,high-protein,breakfast,95,0,8,14
Hot Molten Blobs,low-carb,breakfast,317,24,9,17
PALEO SCOTCH EGGS,low-carb,breakfast,273,22,4,14
"Ham, Egg & Cheese Muffin Cups",low-carb,breakfast,140,9,3,11
Peanut Butter Pancakes recipes,low-carb,breakfast,483,38,24,15
Cheesy Chorizo Breakfast Casserole,low-carb,breakfast,211,15,6,12
Biscuits And Gravy,low-carb,breakfast,503,36,23,22
Breakfast Egg Rolls recipes,low-carb,breakfast,1384,127,39,20
"Kashmiri dum aloo recipe, how to make kash",low-carb,breakfast,44,5,1,0
Southern Sausage Gravy recipes,low-carb,breakfast,587,48,15,24
Bacon Hashbrown Breakfast Casserole Recipe,low-carb,breakfast,285,23,10,9
Roasted Sweet Potato Paleo Breakfast Hash recipes,low-carb,breakfast,385,28,20,15
Ham & Cheese Twists recipes,low-carb,breakfast,446,35,16,17
Apple Pie Omelet,low-carb,breakfast,125,10,1,7
Sour Cream Breakfast Casserole,low-carb,breakfast,576,42,21,29
Exotic Mushroom Pate recipes,low-carb,breakfast,120,12,3,2
Herb Crusted No-Knead Artisan Bread recipes,low-carb,breakfast,1785,111,51,138
Polidori Sausage Breakfast Muffins,low-carb,breakfast,278,18,12,16
New Mexico Turkey Ham & Green Chili Breakfast Omelette Bake recipes,low-carb,breakfast,1747,126,28,120
Air Fryer Keto Pumpkin Pancakes,low-carb,breakfast,160,13,7,7
Sea bream in crazy water (Orata all’acqua pazza),low-carb,breakfast,374,19,6,41
Strawberry Pineapple Smoothie,low-fat,breakfast,216,3,31,18
3-Ingredient Healthy Cooked Apples,low-fat,breakfast,323,1,84,1
Slow Cooker Apple-Cranberry Oatmeal,low-fat,breakfast,281,3,63,6
Try This Collagen Smoothie for Healthy and Young Skin,low-fat,breakfast,160,3,28,4
Gingerbread Pancakes,low-fat,breakfast,135,2,27,5
Vegan Soda Bread,low-fat,breakfast,192,1,40,7
Anadama Bread,low-fat,breakfast,156,1,32,6
Audrey's Golden Peach Butter,low-fat,breakfast,389,1,100,3
Pumpkin Ginger Jam,low-fat,breakfast,271,0,70,1
Homemade Sour Cherry Jam,low-fat,breakfast,1170,2,299,5
Strawberry Waffles,low-fat,breakfast,186,3,35,7
Blueberry Pancakes (Cooking For 2) recipes,low-fat,breakfast,172,3,31,7
Red Cabbage Blueberry Smoothie,low-fat,breakfast,207,2,46,7
Zucchini Waffles,low-fat,breakfast,393,6,72,13
Banana-Orange Smoothie,low-fat,breakfast,178,1,38,7
Pancakes,low-fat,breakfast,206,3,35,9
Grapefruit Pineapple Smoothie,low-fat,breakfast,260,1,66,4
Amazing Pretzels [for Lent] Recipe,low-fat,breakfast,94,1,20,3
Pumpkin Breakfast Cookies,low-fat,breakfast,249,4,48,8
Ricotta and Banana on Toast (21 Day Wonder Diet: Day 10),low-fat,breakfast,140,2,30,3
Breakfast Sweet Potato Cakes,balanced,breakfast,170,6,23,7
Chocolate Stuffed French Toast,balanced,breakfast,412,20,49,13
Stuffed Sweet Potato Breakfast Bowl,balanced,breakfast,277,8,46,8
Peanut Butter & Chia Berry Jam English Muffin,balanced,breakfast,279,10,43,10
Tropical Shake,balanced,breakfast,159,6,21,6
Creamy Orange-Coconut Smoothie,balanced,breakfast,123,4,19,4
Easy Hot Chocolate Recipe with Cocoa,balanced,breakfast,137,4,25,4
Georgie’s Buttermilk Waffles,balanced,breakfast,233,9,32,7
Gluten Free Chickpea Pancakes or Flatbread,balanced,breakfast,140,7,14,5
Spiced Corn Muffins,balanced,breakfast,165,6,23,5
Whole Wheat Pancakes and Nectarines,balanced,breakfast,199,6,31,7
Watermelon Smoothie recipes,balanced,breakfast,121,6,15,4
Bisquick® Banana Nut Bread recipes,balanced,breakfast,766,24,121,21
Banana Yogurt Smoothie,balanced,breakfast,163,5,28,4
Perfect Fluffy Pancakes,balanced,breakfast,212,9,27,5
Whole wheat pumpkin pancakes,balanced,breakfast,108,4,15,3
Overnight Oats,balanced,breakfast,179,5,30,6
10 Minute Chia Jam recipes,balanced,breakfast,58,3,7,2
Pineapple Yogurt,balanced,breakfast,292,14,38,8
Whole Wheat and Flax Waffles,balanced,breakfast,270,12,33,10
Total 10 Turkey Breakfast Sausage recipes,high-protein,breakfast,173,9,1,23
Rabbit Breakfast Sausage Recipe 5,high-protein,breakfast,506,23,3,68
High Protein Chocolate Smoothie: No Sugar,high-protein,breakfast,94,4,6,12
Knock-Off Starbuck’s Egg White Bites,high-protein,breakfast,93,3,3,14
Mexican Sliders,high-protein,breakfast,192,7,6,25
Blueberry Protein Muffins recipes,high-protein,breakfast,536,12,41,68
Weight Watchers Chicken Breakfast Sausage recipes,high-protein,breakfast,49,1,1,9
Chinese Green Tea,high-protein,breakfast,0,0,0,0
Strawberry Mint Smoothie,high-protein,breakfast,206,2,28,26
Healthy Egg White Breakfast Cups recipes,high-protein,breakfast,70,0,2,14
Leftover Turkey Kabobs and an $800 Giveaway! recipes,high-protein,breakfast,62,2,2,8
Blue swimmer crab omelette with sorrel,high-protein,breakfast,360,17,3,47
"Nif's 1 Ww Pt. Light, Low Fat Mushroom Spinach Omelette (Omelet)",high-protein,breakfast,66,2,3,10
Tuna & Bok Choy Packets,high-protein,breakfast,186,5,2,32
Dashi Stock,high-protein,breakfast,3,0,0,0
Skinny Peppermint Patty Shake recipes,high-protein,breakfast,311,9,20,39
Pick-Up Saltfish,high-protein,breakfast,187,5,6,28
Tofu Scramble: Breakfast of (vegan) Champi,high-protein,breakfast,53,1,6,8
Egg White Salsa Omelet,high-protein,breakfast,72,0,7,10
Prawn and veggie omelette for 1,high-protein,breakfast,96,1,4,19
Savory Macadamia Nuts,low-carb,breakfast,150,16,3,2
Egg Omelette Recipe,low-carb,breakfast,412,33,5,24
Perfect Hard Boiled Eggs (Technique),low-carb,breakfast,107,7,1,9
Crock Pot Spinach Special,low-carb,breakfast,255,17,10,17
Breakfast Omelette (Ww),low-carb,breakfast,205,12,7,17
Beef Liver Pate,low-carb,breakfast,177,14,4,5
Hatch Green Chile and Cheddar Cheese Egg Muffins,low-carb,breakfast,155,11,2,12
Vegie lavash spirals,low-carb,breakfast,424,27,23,24
Sausage Gravy,low-carb,breakfast,249,18,10,13
Sausage Sliders with Spinach and Peppers,low-carb,breakfast,153,9,6,13
Huevos Rancheros,low-carb,breakfast,274,18,14,16
Saffron and Tomato Shakshuka recipes,low-carb,breakfast,186,12,9,11
COCONUT PEACH SLOW COOKER STEEL CUT OATS,low-carb,breakfast,228,19,14,4
Crisp Savory Almonds,low-carb,breakfast,311,26,11,14
Spicy Pineapple Peach Smoothie,low-carb,breakfast,535,49,29,6
Ultimate Reeces Peanut Butter Banana Bread Recipe,low-carb,breakfast,1311,126,46,6
Goat Cheese Scrambled Eggs recipes,low-carb,breakfast,249,19,3,16
Cinnamon Butter on Toast,low-carb,breakfast,188,18,6,1
Start the Day Smoothie,low-carb,breakfast,680,58,40,13
Sage-Mustard Breakfast Sausage,low-carb,breakfast,448,38,6,20
Small Batch Fresh Strawberry Jam,low-fat,breakfast,232,0,59,1
Frankenstein Smoothie Bowl recipes,low-fat,breakfast,114,1,28,2
Berrylicious Strawberry Smoothie Blast - Low Cal Frozen Treat recipes,low-fat,breakfast,139,1,34,2
Spiced Cherry Preserves,low-fat,breakfast,48,0,12,0
Green Monster Smoothie Recipe,low-fat,breakfast,81,1,20,2
Chocolate Breakfast Cake,low-fat,breakfast,78,1,8,9
Pumpkin-Ginger Waffles,low-fat,breakfast,169,3,31,8
5-Minute Homemade Apple Cinnamon Oatmeal,low-fat,breakfast,269,3,60,6
Bagels recipes,low-fat,breakfast,470,1,99,13
Pumpkin Bagels #SundaySupper,low-fat,breakfast,262,2,53,9
Small Batch Vanilla Rhubarb Jam,low-fat,breakfast,231,0,58,1
Green Raw Breakfast or Snack Juice,low-fat,breakfast,282,1,71,5
Green Carrot Juice Recipe,low-fat,breakfast,205,2,44,5
Cantaloupe Jam,low-fat,breakfast,214,1,55,2
Fast Breakfast Omelet Muffins,low-fat,breakfast,196,2,40,6
Low-Fat Strawberry Date Smoothie recipes,low-fat,breakfast,416,2,103,7
Plum Jam,low-fat,breakfast,402,0,103,1
Cinnamon Raisin Bread recipes,low-fat,breakfast,270,4,53,8
Papaya Sago Soy Milk recipes,low-fat,breakfast,177,2,35,5
Naturally Sweetened Strawberry Smoothie with Yogurt recipes,low-fat,breakfast,287,3,53,16
Stuffed Potato Pancakes - Draniki (VIDEO),balanced,breakfast,130,6,15,5
Blueberry Banana Pancakes,balanced,breakfast,237,9,32,7
Pumpkin Cheesecake French Toast Bake,balanced,breakfast,254,12,30,8
Blackberry Farm Griddle Cakes,balanced,breakfast,351,14,49,9
Huevos Rancheros Breakfast Bowls,balanced,breakfast,777,29,108,23
Apple Ricotta Stuffed French Toast,balanced,breakfast,233,11,27,9
Pumpkin Maple Overnight Oats,balanced,breakfast,192,8,28,5
Healthy Berry Drink,balanced,breakfast,154,5,26,4
Ricotta rice and berry pancakes,balanced,breakfast,167,6,21,7
Eggless French Toast,balanced,breakfast,131,4,18,5
Ginger Oatcakes,balanced,breakfast,231,8,32,8
Spoon Bread recipes,balanced,breakfast,178,8,20,7
Spicy Oatmeal and Kale,balanced,breakfast,375,12,54,14
Cinnamon-y Oatmeal Flax Muffins,balanced,breakfast,200,8,28,5
Chai Chia Oat Pudding,balanced,breakfast,115,5,15,3
Easy Pumpkin Pancakes recipes,balanced,breakfast,211,8,29,5
Mini Blueberry + Rosemary Breakfast Bars recipes,balanced,breakfast,367,12,59,10
"Blueberry Pancakes (Plus, Can you Make Pancakes with a Stainless Steel Pan?)",balanced,breakfast,247,8,36,7
Oatmeal And Wheat Flour Blueberry Pancakes,balanced,breakfast,292,11,40,10
Carrot Cake Couscous Breakfast Porridge recipes,balanced,breakfast,500,15,77,15
Low Carb Protein Waffles,high-protein,breakfast,130,1,8,20
Breakfast Patties Recipe 5,high-protein,breakfast,85,4,0,11
Clean Eating Turkey Breakfast Sausage,high-protein,breakfast,218,11,2,28
Asparagus Prosciutto Pancakes recipes,high-protein,breakfast,1117,52,7,145
Maryland Pit Beef on the Char-Broil Big Ea,high-protein,breakfast,290,14,1,37
Spinach and Mushroom Scramble,high-protein,breakfast,76,0,5,13
Strawberry Yogurt Smoothie,high-protein,breakfast,348,4,35,44
Iced Cinnamon Protein Pancakes recipes,high-protein,breakfast,237,2,12,41
Dashi,high-protein,breakfast,3,0,0,0
Stuffed Celery Snacks,high-protein,breakfast,152,1,16,19
Clean Eating Southwestern Breakfast Muffin,high-protein,breakfast,215,6,10,30
Key Lime Smoothie,high-protein,breakfast,103,2,8,13
Skinny Frittata with Smoked Salmon and Spi,high-protein,breakfast,128,4,5,18
Corn and prosciutto muffins with roasted tomatoes,high-protein,breakfast,199,8,5,25
Turkey Breakfast Sausage,high-protein,breakfast,173,9,1,23
Stars-and-Stripes Gelatin,high-protein,breakfast,344,6,16,57
Egg White Omelette - 3 Egg White Veggie Omelette,high-protein,breakfast,86,1,10,11
Piña Colada Smoothie,low-carb,breakfast,145,11,10,4
Gluten Free (and Paleo!) Granola recipes,low-carb,breakfast,703,55,47,17
Popper Croissants,low-carb,breakfast,454,42,7,12
Toasted Hazelnut Hot Chocolate,low-carb,breakfast,182,18,7,3
Recipe: Muffin-Pan Shepherd's Pie,low-carb,breakfast,232,18,4,14
"Biscuits and Gravy (Grain-Free, Paleo) recipes",low-carb,breakfast,325,26,11,13
Poppy Seed Bread,low-carb,breakfast,188,10,6,15
Elephant Ears,low-carb,breakfast,11,1,1,0
Almond Apple Grain Free Pancakes recipes,low-carb,breakfast,238,21,9,7
Bacon Biscuit Breakfast Bake,low-carb,breakfast,574,41,27,23
Coco-Cinnamon Smoothie,low-carb,breakfast,103,9,6,1
Loaded Scrambled Eggs for a Crowd Recipe,low-carb,breakfast,255,18,7,17
Baked Eggs (Muffin Tin),low-carb,breakfast,148,10,2,12
Yummy Breakfast Skillet - Food Network How Many Eggs?,low-carb,breakfast,468,31,20,27
Chinese New Year Pork and Yam,low-carb,breakfast,633,60,10,12
Lacinato Kale and Eggs Recipe (Black Kale),low-carb,breakfast,148,10,3,11
Paleo Chewy Granola Bars recipes,low-carb,breakfast,1183,101,64,21
Orange Chipotle-Spiced Pecan Mix,low-carb,breakfast,286,25,18,4
Salmon and Avocado Paté,low-carb,breakfast,185,15,2,12
"Sausage, Kale, & Cheddar Frittata",low-carb,breakfast,211,16,3,13
Cardamom pears,low-fat,breakfast,231,1,58,2
"Pineapple, Strawberry and Apricot Shake Recipe - How To Make Pineapple, Strawberry and Apricot Shake - How To Prepare Pineapple",low-fat,breakfast,122,2,26,3
Lemon-Ricotta Pancakes with Warm Summer Berries,low-fat,breakfast,202,3,36,9
Chocolate Oat Milk,low-fat,breakfast,226,4,45,7
Cocoa-Date Oatmeal,low-fat,breakfast,263,2,65,4
Berry Smoothie,low-fat,breakfast,145,1,35,3
Pumpkin Muffins Archives,low-fat,breakfast,264,2,58,3
Milk Free Oatmeal Pancakes (Whole Foods),low-fat,breakfast,39,0,6,3
Fruity Oatmeal Pancakes (Eggless & Dairy Free),low-fat,breakfast,294,4,60,8
Green Gazoogle,low-fat,breakfast,164,1,41,2
Boysenberry Jam,low-fat,breakfast,705,0,182,1
Pineapple Orange Smoothie recipes,low-fat,breakfast,87,0,21,1
Plum And Blackberry Juice recipes,low-fat,breakfast,128,0,32,1
Sunday Morning Oatmeal--Barefoot Contessa Ina Garten,low-fat,breakfast,340,5,69,8
Raspberry Thumbprint Breakfast Cookies,low-fat,breakfast,258,3,51,8
Blackberry Almond Smoothie Bowl,low-fat,breakfast,197,3,38,8
Power Bowl of Cereal,low-fat,breakfast,128,2,22,7
Perfect Quinoa recipes,low-fat,breakfast,209,3,36,8
Chocolate Banana Smoothie,low-fat,breakfast,170,2,40,4
Rosemary Pear Butter recipes,low-fat,breakfast,867,2,225,3
Low Fat Breakfast Casserole Recipe,balanced,lunch,205,7,27,9
Easy Gluten Free Pumpkin Spice Popovers recipes,balanced,lunch,317,13,43,11
Whole Wheat Peanut Butter Bread,balanced,lunch,195,9,25,7
Pumpkin Cardamom Waffles,balanced,lunch,249,8,37,10
Jalapeño Cheese Bread recipes,balanced,lunch,330,13,39,12
Apple & Raisin Oven Pancake,balanced,lunch,211,8,31,6
Simple Strawberry Smoothie with Banana and Yogurt,balanced,lunch,564,24,69,23
Vegan Almond Butter Banana Oatmeal Smoothie,balanced,lunch,363,13,61,10
Healthy Whole Wheat Pumpkin Pancakes recipes,balanced,lunch,326,10,52,9
Oat and Apple Pancakes With Yogurt,balanced,lunch,382,16,52,12
Velvet Apricot Oatmeal Smoothie recipes,balanced,lunch,246,11,34,7
Blueberry Banana Pie Vegan Overnight Oats,balanced,lunch,571,21,85,16
Pumpkin Spice Granola,balanced,lunch,281,8,49,7
Healthy Homemade Granola,balanced,lunch,576,26,77,17
Shakshuka Focaccia,balanced,lunch,266,12,31,12
Honey Raspberry Overnight Oatmeal,balanced,lunch,639,30,74,26
Savory Oat Potato Pancakes,balanced,lunch,159,6,19,7
National Granola Bar Day | Granola Maple B,balanced,lunch,342,10,56,10
Just Like Creamy Dannon Vanilla Yogurt ~ F,high-protein,lunch,56,0,7,9
Belgian Beef Stew With Beer,high-protein,lunch,304,12,9,38
Vegetarian Breakfast Sausage Patty recipes,high-protein,lunch,289,2,29,44
Soy Sauce-Poached Halibut Cheeks,high-protein,lunch,231,3,2,43
Chinese Poached Chicken with Soy Ginger Sauce,high-protein,lunch,263,6,16,34
Spinach Scramble,high-protein,lunch,87,4,1,11
Instant Pot Hard Boiled Eggs,high-protein,lunch,96,0,1,20
Soy-Wasabi Sauce,high-protein,lunch,25,0,3,4
Vegan Bacon Bits recipes,high-protein,lunch,93,0,8,14
BES Paleo Mini Muffin Quiches,high-protein,lunch,296,7,28,44
Paleo Whole30 Apple Cinnamon Breakfast Sausage,high-protein,lunch,174,9,2,22
"Egg Whites, Spinach & Ham Puff",high-protein,lunch,46,1,4,7
Spinach and Mushroom Frittata,low-carb,lunch,398,35,6,17
3-ingredient protein pancakes,low-carb,lunch,282,18,7,24
Yogurt Flax Protein Pancakes,low-carb,lunch,258,11,8,31
Bacon Brussels Sprout Skewers,low-carb,lunch,180,15,4,7
Nut-Free Trail Mix,low-carb,lunch,195,15,11,8
Weekend Breakfast Bake,low-carb,lunch,245,19,2,15
Suuuper Cheesy Keto Garlic Bread Muffins,low-carb,lunch,290,24,12,9
Clean Eating Spring Time Breakfast Casserole recipes,low-carb,lunch,387,21,15,34
Christmas Morning Slow Cooker Omelet,low-carb,lunch,415,30,7,30
Grandma's perfect scrambled eggs,low-carb,lunch,307,26,1,16
Maple Turkey Breakfast Sausage,low-carb,lunch,188,9,5,23
Sausage Breakfast Skillet with Sautéed Tomatoes and Basil,low-carb,lunch,910,65,42,41
Brian’s Pure Chili and Garlic Compound Butter,low-carb,lunch,105,10,3,1
Diner-Style Bacon for a Crowd,low-carb,lunch,679,72,0,9
Simple Coconut Pineapple Ginger Smoothie recipes,low-carb,lunch,132,12,7,1
Poached Eggs,low-carb,lunch,77,5,0,7
Oven Denver Omelet Recipe 5,low-carb,lunch,306,19,12,20
Tropical Paleo Granola recipes,low-carb,lunch,1009,89,47,20
Basil & Feta Avocado Spread recipes,low-carb,lunch,134,11,6,4
Asparagus with Shredded Egg and Pistachios,low-carb,lunch,125,8,7,7
Berry Strawberry Punch,low-fat,lunch,50,0,13,0
Eggless Pancakes,low-fat,lunch,413,5,79,12
Strawberry Punch Recipe,low-fat,lunch,60,0,16,0
Pure Peach Jam,low-fat,lunch,333,1,84,4
Strawberry Banana Smoothie,low-fat,lunch,190,1,45,4
"Low Fat, Low Calorie Vegan Banana Bread",low-fat,lunch,124,0,28,3
"""BEET it up!"" - Beet Smoothie",low-fat,lunch,174,2,39,3
Green Juice For Beginners,low-fat,lunch,125,0,33,1
White Bread - Master Bread Recipe from Fleishmanns,low-fat,lunch,89,1,17,2
Cranberry Orange Scones,low-fat,lunch,268,1,59,6
Honey-Whole Wheat Bread,low-fat,lunch,148,2,29,4
Freezer Single Serve Apple Oatmeal Cups recipes,low-fat,lunch,47,1,10,1
It's Easy Bein' Green Smoothie,low-fat,lunch,115,1,30,2
Honey Wheat Bread,low-fat,lunch,287,4,56,8
Banana Blueberry Smoothie,low-fat,lunch,141,2,26,7
HOMEMADE PANCAKE MIX recipes,low-fat,lunch,2270,19,466,60
No-Knead Artisan Rolls recipes,low-fat,lunch,229,1,48,7
Strawberry Spinach Smoothies,low-fat,lunch,146,1,34,2
Organic Ginger Juice,low-fat,lunch,3,0,1,0
Easy Protein Waffles Recipe,balanced,lunch,109,4,12,5
Fresh Lemon Ricotta Pancakes- Wildflower Bread Co. Copycat recipes,balanced,lunch,236,9,30,10
Healthy Plum and Pecan Granola,balanced,lunch,280,14,37,7
Rajas potato pancakes,balanced,lunch,292,14,37,8
Pikelets,balanced,lunch,231,7,35,6
Granola Recipe,balanced,lunch,253,11,35,8
Eggnog Pancakes,balanced,lunch,149,6,19,5
Breakfast Of Champions High Protein Power,balanced,lunch,100,4,12,4
Pancake Omelet Envelope,balanced,lunch,210,6,27,10
Chorizo and Egg Breakfast Enchiladas recipes,balanced,lunch,297,13,31,15
Betsy's Seeded Oat Bread recipes,balanced,lunch,1123,47,145,36
Banana Bread with Greek Yogurt,balanced,lunch,220,10,28,6
Pumpkin Chocolate Chip Protein Pancakes,balanced,lunch,127,5,13,4
Peanut Butter Breakfast Bar,balanced,lunch,1436,62,180,50
Raspberry Coconut Overnight Oats recipes,balanced,lunch,94,3,15,3
Maple Apple Almond Oatmeal,balanced,lunch,450,18,66,12
Pumpkin and Chocolate Chip Breakfast Cooki,balanced,lunch,272,11,38,7
Healthy Granola,balanced,lunch,307,11,44,10
Country Potato Pancakes,balanced,lunch,36,1,6,1
Vegan Breakfast Sausages,high-protein,lunch,96,3,6,13
Country-Style Breakfast Sausage,high-protein,lunch,122,5,2,16
Turkey Breakfast Sausage Patties,high-protein,lunch,87,4,1,11
Vegan Bacon Bits,high-protein,lunch,54,1,4,7
Low-Calorie Breakfast Marshmallow Dessert! recipes,high-protein,lunch,52,0,5,8
Breakfast Sausage,high-protein,lunch,146,1,10,22
Five-Spice Fish with Avocado-Wasabi Sauce,high-protein,lunch,176,8,5,22
Ham cups,high-protein,lunch,959,46,2,126
"Easy, Healthy, and Amazing Turkey ""steak""",high-protein,lunch,181,9,3,23
Clean Blueberry Protein Muffins,high-protein,lunch,357,8,27,45
A Yummy Pancake Recipe You Can Make Four Different Ways,high-protein,lunch,43,1,4,6
Apple and Onion Chicken,high-protein,lunch,483,14,24,62
Zucchini Quiche Breakfast Quesadilla recipes,high-protein,lunch,138,4,6,19
Shrimp Toasts With Sesame Seeds and Scallions,low-carb,lunch,367,25,17,19
Puff Pastry Breakfast Tarts,low-carb,lunch,148,11,3,8
Caramelized Shallot and Mushroom Omelet,low-carb,lunch,228,16,8,14
Oven Scrambled Eggs recipes,low-carb,lunch,665,52,9,38
Keto Salmon & Cream Cheese Mug Muffin recipes,low-carb,lunch,368,30,11,18
"Pork ""Almost"" Sisig",low-carb,lunch,2019,193,26,42
Blueberry Omelet,low-carb,lunch,242,17,11,11
Gourmet Breakfast,low-carb,lunch,631,48,19,31
Paleo Focaccia recipes,low-carb,lunch,145,12,3,6
Mom's Turkey Breakfast Sausage,low-carb,lunch,173,9,5,19
Denver Frittata,low-carb,lunch,235,17,6,15
Huevos Serranos Mountain Eggs,low-carb,lunch,236,17,4,17
Glowing Skin Smoothie recipes,low-carb,lunch,858,73,59,10
OFG Breakfast Sausage recipes,low-carb,lunch,595,45,1,43
Popeye's Breakfast Bake,low-carb,lunch,652,49,21,31
Ham Egg & Cheese Muffins,low-carb,lunch,409,29,5,30
Louisiana Sausage Gravy And Biscuits,low-carb,lunch,697,52,31,28
Tasty Ham-Olive Spread,low-carb,lunch,335,32,1,10
BLT Ranch Croissants,low-carb,lunch,283,24,11,6
Baked Avocado Egg,low-carb,lunch,119,10,5,4
Sunrise Clementine Creamsicle Smoothie recipes,low-fat,lunch,271,1,66,4
Cran-Blueberry Smoothies Recipe,low-fat,lunch,156,2,34,4
Easy Homemade Plum Jam,low-fat,lunch,68,0,17,1
Tatale (Plantain Pancakes) recipes,low-fat,lunch,392,2,95,6
Weekend Banana Bread Oatmeal,low-fat,lunch,240,3,51,6
English Muffins,low-fat,lunch,200,1,39,7
Baby Back Ribs on the Char-Broil Big Easy,low-fat,lunch,212,0,53,0
Homemade Wheat Bagels recipes,low-fat,lunch,229,1,47,9
Sweet Beet Smoothie,low-fat,lunch,399,4,66,30
Pumpkin Spice Latte recipes,low-fat,lunch,112,2,19,6
Kamut Sesame Bread recipes,low-fat,lunch,1249,17,235,47
"Fruity Pebble Smoothie, Smoothie Bowl recipes",low-fat,lunch,492,6,85,13
Lazy Loaf,low-fat,lunch,262,3,53,9
Gram and Fennel Flat Bread,low-fat,lunch,235,4,42,8
Spiced Banana Breakfast Rice Pudding,low-fat,lunch,264,1,63,3
Brandied Apricot Preserves,low-fat,lunch,514,1,109,2
Cucumber Watermelon Smoothie,low-fat,lunch,32,0,9,1
Pineapple Quinoa Green Smoothie recipes,low-fat,lunch,107,2,21,4
Nigerian Zobo Hibiscus Soda,low-fat,lunch,473,1,120,2
Banana Oatmeal,low-fat,lunch,194,2,37,8
Pancakes with Faces for Pancake Tuesday,balanced,lunch,163,7,20,4
Basic Pancakes,balanced,lunch,280,9,40,8
Breakfast Muffins Ala Elvis,balanced,lunch,198,9,26,5
Oatmeal with Mango and Coconut,balanced,lunch,277,10,41,8
"Chewy Banana Quinoa Bars - Vegan, Gluten and Peanut Free recipes",balanced,lunch,150,6,23,4
meyer lemon quinoa,balanced,lunch,186,6,27,6
The Ben Franklin Breakfast Bowl,balanced,lunch,273,10,41,8
Perfect Blueberry Muffins,balanced,lunch,226,10,26,8
Lemon Ricotta Pancakes,balanced,lunch,167,5,26,5
Savory Breakfast Muffins,balanced,lunch,209,9,25,8
Healthiest Bowl of Oatmeal,balanced,lunch,112,4,15,5
Banana and Mango Smoothie recipes,balanced,lunch,173,7,20,8
Yeasted Berry Waffles (aka The Best Waffles Ever) recipes,balanced,lunch,338,16,39,9
Healthy Pumpkin Pie Granola Recipe,balanced,lunch,254,11,34,6
"Caramelised Almond, Apricot and Pistachio Granola",balanced,lunch,297,14,37,9
Light ‘n’ Crisp Belgian Waffles,balanced,lunch,246,12,27,6
Oat Flour Pumpkin Pancakes,balanced,lunch,1042,30,150,45
Blueberry Cream Cheese Stuffed Baked French Toast,balanced,lunch,595,26,76,18
Vegan Breakfast Sausage,balanced,lunch,228,9,30,9
Strawberry Breakfast Shakes Recipe,balanced,lunch,114,4,16,5
Pancake Edition recipes,high-protein,lunch,62,3,1,8
Tilapia With Douchi (Black Fermented Beans) Recipe,high-protein,lunch,84,1,2,15
Skinny Asparagus & Feta Quiche recipes,high-protein,lunch,44,1,2,7
Egg Breakfast Muffins Cups,high-protein,lunch,171,7,5,22
Tuna Steaks with Tomato and Basil Raw Sauce,high-protein,lunch,318,10,6,50
Smoked Sausage Breakfast Scramble,high-protein,lunch,146,4,6,21
Homemade Bacon Bits recipes,high-protein,lunch,47,0,4,7
Egg White Turkey Scramble,high-protein,lunch,140,6,2,20
Homemade Turkey Breakfast Sausage – Quick & Lean recipes,high-protein,lunch,393,7,2,79
Apple & Bacon Omelette,low-carb,lunch,234,20,5,8
Chai-Spiced Almond Butter,low-carb,lunch,292,25,13,9
Baked Eggs with Bacon Bits,low-carb,lunch,66,4,0,6
Low Carb Vegan Breakfast Bowls recipes,low-carb,lunch,1047,104,32,11
Hearty Vegetable Breakfast Casserole recipes,low-carb,lunch,523,39,24,19
Spiced Pecans,low-carb,lunch,200,19,9,2
Ham and Cheese Omelette,low-carb,lunch,505,37,6,36
Parmesan Ham Frittata,low-carb,lunch,463,36,5,27
Homemade Furikake recipes,low-carb,lunch,104,6,1,12
Honey-Chipotle Glazed Ham on the Char-Broil Big Easy,low-carb,lunch,323,21,10,21
Beautiful Poached Eggs,low-carb,lunch,62,4,0,5
Asparagus with Poached Egg recipes,low-carb,lunch,41,3,1,2
Tasty and easy to make protein recipes: Smoked salmon omelettes,low-carb,lunch,129,9,1,11
Home-made dark chocolate,low-carb,lunch,217,20,12,2
"Stuffed French Toast with Gruyere, Mustard Greens and Double-Smoked Bacon",low-carb,lunch,994,73,44,43
Make Ahead English Muffin Breakfast Sandwiches,low-carb,lunch,237,16,12,11
Banana Coconut Smoothie recipes,low-carb,lunch,1020,91,61,9
Overnight Mexican Breakfast Casserole recipes,low-carb,lunch,413,28,18,23
Breakfast Pizza Recipe with PAM cooking spray for Easy Clean up,low-carb,lunch,403,27,19,21
Moroccan Harcha Recipe - 4 Ingredients only,low-fat,lunch,220,3,41,7
Cinnamon Raisin Swirl Bread recipes,low-fat,lunch,640,8,127,16
Aam Chutney,low-fat,lunch,410,2,103,4
Ghoul-Aid Recipe,low-fat,lunch,327,0,84,0
Christmas Jam (Pectin Version),low-fat,lunch,552,0,143,0
Healthy Blueberry Muffins,low-fat,lunch,125,2,25,3
Super Green Kiwi Smoothie,low-fat,lunch,241,1,61,3
Cran-Apple Steel Cut Oats,low-fat,lunch,157,2,36,3
Healthy Green Juice,low-fat,lunch,98,1,24,3
Peach Jam,low-fat,lunch,495,0,127,1
Joslin Center Country-Style French Toast,low-fat,lunch,182,1,41,4
Slow Cooker Bread recipes,low-fat,lunch,439,2,88,15
Super Simple Sourdough Bread,low-fat,lunch,322,2,66,14
Instant Bread Vadai Recipe,low-fat,lunch,185,3,34,7
Tropi-Kale Smoothie,low-fat,lunch,187,1,45,4
Peach-Malt Beer Jam,low-fat,lunch,395,0,99,2
Cherry Vanilla Overnight Oats,low-fat,lunch,184,2,37,6
Moong Dal Vadai recipes,low-fat,lunch,47,0,8,3
"Easy, Symphonic, Crackly Bread recipes",low-fat,lunch,299,1,62,9
Grandma's Grain recipes,low-fat,lunch,462,4,95,13
Hearty Breakfast Cookies,balanced,dinner,280,13,35,7
Butternut-Yogurt Bread,balanced,dinner,179,7,22,8
Apricots in rosewater syrup with cinnamon ricotta,balanced,dinner,287,11,44,8
Minty Green Avocado Smoothie,balanced,dinner,164,5,31,4
Berry Chia Smoothie Bowl,balanced,dinner,354,13,53,13
Everything Lavash Crackers,balanced,dinner,159,5,25,4
Jumbo Cinnamon Roll Cake recipes,balanced,dinner,260,9,40,7
Blueberry Spoon Bread,balanced,dinner,193,7,28,7
Crepes Or Danish Pancakes recipes,balanced,dinner,112,4,15,5
Bacon Cheddar Pretzel Rolls,balanced,dinner,276,12,33,8
Mama's Best Buttermilk Pancakes,balanced,dinner,114,4,15,3
Superpower Loaf,balanced,dinner,341,16,48,9
Giant Baked Berry Pancake,balanced,dinner,154,6,19,5
Berry Oatmeal,balanced,dinner,436,15,61,16
Quinoa Crunch Cereal recipes,balanced,dinner,611,29,72,19
"Savory oatmeal with ricotta salata, brazil nuts and thyme",balanced,dinner,189,9,23,6
Spiced Banana-Chocolate Muffins,balanced,dinner,136,4,23,4
Salted Beer Pretzel Crescents,balanced,dinner,142,5,17,6
Protein Pumpkin Smoothie,balanced,dinner,390,11,64,19
"Drink & Dish: Red, White & Blue Gr",balanced,dinner,185,7,21,9
Finnan Haddie à la Davis Recipe,high-protein,dinner,231,5,5,39
Protein Muffin Bites,high-protein,dinner,123,1,8,19
Fish and Century Egg Congee,high-protein,dinner,183,6,8,23
Make your own jelly lollies,high-protein,dinner,53,0,5,9
English Muffin Pizza,high-protein,dinner,273,13,6,35
Healthy Banana Protein Pancakes,high-protein,dinner,43,1,3,6
High Protein Gelatin Snack Cups recipes,high-protein,dinner,110,3,4,18
Egg White Breakfast Bites,high-protein,dinner,44,2,1,6
Sweet Potato Mushroom Egg White Frittata,high-protein,dinner,163,1,11,27
The Day I Was Born With Cankles,high-protein,dinner,263,5,4,47
Hunter Chicken,low-carb,dinner,546,20,19,64
Down-on-the-Farm Breakfast Recipe,low-carb,dinner,290,22,7,14
Baked Egg Breakfast Casserole | Healthy Natural,low-carb,dinner,101,5,5,10
Jalapeno Bacon Pinwheels,low-carb,dinner,215,17,11,5
Gluten Free Breakfast Bread recipes,low-carb,dinner,233,17,12,8
Best Damn Scrambled Eggs,low-carb,dinner,170,12,3,12
Gramps Ham And Egg Bake Recipe,low-carb,dinner,363,27,11,19
Cinnamon Cacao Roasted Almonds,low-carb,dinner,90,7,5,3
Toasted Pecans,low-carb,dinner,273,29,3,2
Poached Eggs Parmesan,low-carb,dinner,302,19,4,26
Avocado Toast with Roasted Red Peppers and,low-carb,dinner,108,8,6,3
Souffle omelette with ham and gruyere cheese,low-carb,dinner,97,8,1,6
Baked eggs,low-carb,dinner,139,11,1,9
Olive Oil-Fried Eggs,low-carb,dinner,278,25,1,13
Sausage and Eggs to Go,low-carb,dinner,280,23,1,17
Healthy Appetite And Whooohoo-delish Black Sesame Seed Butter recipes,low-carb,dinner,158,13,9,4
Avocado Scrambled Eggs,low-carb,dinner,296,26,4,13
Tex-Mex Breakfast Quesadillas,low-carb,dinner,254,18,12,11
Omelet Muffins with Sausage and Cheese,low-carb,dinner,72,5,2,5
Avocado and Goat Cheese Omelet,low-carb,dinner,563,49,13,21
Peach Honey Jam recipes,low-fat,dinner,43,0,11,0
Non Alcoholic Strawberry Punch Recipe,low-fat,dinner,114,1,28,3
Cantaloupe Berry Smoothie,low-fat,dinner,193,3,41,4
Gingerbread Spice Vegan Pancakes recipes,low-fat,dinner,517,7,79,4
Tropical Fruit Smoothie Recipe,low-fat,dinner,166,1,40,3
Pomegranate Smoothie II,low-fat,dinner,156,3,32,3
Strawberry Smoothie,low-fat,dinner,83,0,21,1
Old Fashioned Peach Butter,low-fat,dinner,354,0,91,1
Readers request: Breadmaker bread,low-fat,dinner,299,5,59,10
Real Cornbread,low-fat,dinner,1432,23,261,40
P M S Smoothies,low-fat,dinner,334,2,75,9
Raw Chocolate Raspberry Smoothie,low-fat,dinner,174,1,41,4
Hot Cross Buns (No Knead),low-fat,dinner,290,3,61,6
Easy Vegan Pancakes,low-fat,dinner,409,5,79,11
Orange Cranberry Baked Oatmeal Singles recipes,low-fat,dinner,93,1,18,3
Cherry Oat Smoothie recipes,low-fat,dinner,247,3,52,8
Yummy Starburst Smoothie!,low-fat,dinner,225,1,56,3
Fruity Phirni,low-fat,dinner,225,2,42,9
Dried fruit compote,low-fat,dinner,212,1,55,2
Spiced Apple Pumpkin Bread (V) recipes,low-fat,dinner,314,3,69,8
Heather Honey Porridge Recipe,balanced,dinner,166,5,26,5
Roasted Chickpeas Snack recipes,balanced,dinner,485,17,65,20
Nine-Grain Pancake,balanced,dinner,808,30,112,31
Banana Pancakes,balanced,dinner,253,8,39,7
Beetroot Latte,balanced,dinner,127,4,18,5
Chocolate Banana Bread recipes,balanced,dinner,735,21,129,19
Kartoffelpfannkuchen (Potato Pancakes),balanced,dinner,178,6,26,5
Lighter Old Fashioned Pancakes,balanced,dinner,147,4,22,5
Healthy Double Chocolate Pancakes,balanced,dinner,295,8,52,10
Cinnamon Acai Smoothie with Truvia(R) Natural Sweetener Recipe,balanced,dinner,123,6,16,4
Baked Ricotta With Orange Blossom Cherry Sauce,balanced,dinner,284,13,36,9
Warming Quinoa Porridge,balanced,dinner,460,13,77,13
Buttery Garlic Pull-apart Bread,balanced,dinner,657,25,88,18
"Blueberry, Peanut Butter and Jelly Oatmeal (Microwaveable + Vegan) recipes",balanced,dinner,152,6,23,4
Peanut Butter and Jelly Smoothie,balanced,dinner,196,9,27,5
Tiny Christmas Tree snack,balanced,dinner,102,4,16,3
The Best Ever Fluffy Buttermilk Pancakes recipes,balanced,dinner,312,10,45,9
Banana Oat Pancakes with Peanut-Maple Sauc,balanced,dinner,266,10,37,9
Chocolate-Strawberry Panini,balanced,dinner,288,8,45,9
2 Ingredients (Eggs & Banana) Pancakes,balanced,dinner,248,11,28,12
Wasabi Soy Dipping Sauce,high-protein,dinner,26,0,3,4
Baked Egg Cups,high-protein,dinner,306,15,2,38
Chicken and Waffles Are the Best Clucking Breakfast Ever,high-protein,dinner,143,5,4,21
Salmon Toast,high-protein,dinner,354,14,1,52
Oat Flour Soak Cake,high-protein,dinner,29,0,3,4
Heart Smart® Turkey Breakfast Sausage,high-protein,dinner,85,4,0,11
Breakfast Turkey Sausage Patties,high-protein,dinner,195,10,2,25
Pretty White Garden Egg Muffins (breakfast 4),high-protein,dinner,186,7,5,25
Breakfast Sausage (Turkey),low-carb,dinner,57,3,0,7
Egg & Bacon Bundles,low-carb,dinner,704,63,1,31
Cloud Bread recipes,low-carb,dinner,50,3,1,4
Breakfast Scallops | The Rye Spice Co. Ltd,low-carb,dinner,175,13,5,9
Quick & Easy Spicy Feta Philadelphia Cream Cheese Cracker Spread recipes,low-carb,dinner,166,14,6,4
Gomasio,low-carb,dinner,34,3,1,1
A Quartet of Compound Butters,low-carb,dinner,211,23,2,0
Bacon-scallion Cream Cheese recipes,low-carb,dinner,229,22,4,5
Easy Southwestern Omelet,low-carb,dinner,402,30,5,27
Flax Meal Egg Replacer recipes,low-carb,dinner,388,30,18,17
Ground Cinnamon Primal Pancakes,low-carb,dinner,218,18,6,11
"Sausage, Egg, and Kale Strata",low-carb,dinner,486,34,15,30
"Nan's Potato, Pepper And Onion Frittata",low-carb,dinner,331,21,13,22
Stuffed Strawberries,low-carb,dinner,142,10,6,7
Skillet Breakfast,low-carb,dinner,520,36,23,28
Cretons Cremeux de Chez Nous (Traditional Creamy Cretons),low-carb,dinner,361,21,10,32
"Cheddar, Chive And Sour Cream Omelette",low-carb,dinner,114,9,1,6
Scramble Hamble,low-carb,dinner,242,16,6,19
Mushroom and Feta Breakfast Casserole recipes,low-carb,dinner,215,15,4,17
Brown Sugar and Havarti Ham Croissants recipes,low-carb,dinner,338,22,8,25
Hot Breakfast Cereal,low-fat,dinner,42,0,10,1
Breakfast Bulgur With Pears,low-fat,dinner,200,1,45,6
Pumpkin Pancakes,low-fat,dinner,182,3,32,7
Dao Suan Recipe,low-fat,dinner,59,0,11,4
Green Juice,low-fat,dinner,159,2,33,5
Christmas Time Caramel Apple Jelly,low-fat,dinner,649,1,164,1
{Healthy} Gingerbread Pancakes recipes,low-fat,dinner,130,1,26,5
Skinny Pumpkin Spice Muffins,low-fat,dinner,195,0,45,4
Chocolate Chip Banana Muffins,low-fat,dinner,53,1,11,1
Tropical Breakfast Parfait,low-fat,dinner,160,2,31,7
American Diner Style Pancakes,low-fat,dinner,118,2,22,4
Strawberry Mint Smoothie recipes,low-fat,dinner,132,1,32,2
Delicious Green Smoothie recipes,low-fat,dinner,173,1,43,2
White Batter Bread recipes,low-fat,dinner,666,10,121,23
Low-Fat Banana Muffins,low-fat,dinner,292,2,64,5
Internal Detox for Glowing Skin,low-fat,dinner,78,0,22,1
Jamba Juice Strawberry Surf Rider Smoothie recipes,low-fat,dinner,56,0,13,1
Yam Nian Gao Fritters,low-fat,dinner,137,2,26,4
Mom’s Chocolate Oatmeal,low-fat,dinner,344,6,72,10
Strawberry Smoothies recipes,low-fat,dinner,150,1,33,4
