ts,name,gender,age,weight,height,level,goal,target
11/21/2023 22:18:01,mjrchy,Female,21,55,171,Beginner,Loosing weight,waist
11/21/2023 22:47:22,breezy,Male,21,70,180,Beginner,Building muscle,abs
11/21/2023 22:52:32,John Cena,Male,25,120,200,Advanced,Building muscle,biceps
11/21/2023 22:52:49,OattyZeinball,Male,35,90,140,Beginner,Building muscle,upper legs
11/21/2023 22:55:00,Jimmy,Male,22,60,178,Intermediate,Building muscle,shoulders
11/21/2023 22:55:56,Bond,Male,22,67,180,Advanced,Building muscle,chest
11/21/2023 23:26:55,venus,Female,18,50,175,Beginner,Loosing weight,All
11/21/2023 23:28:05,mookmuay,Female,18,45,165,Beginner,Loosing weight,All
11/22/2023 0:09:45,J,Male,21,90,178,Intermediate,Building muscle,All
11/22/2023 10:07:53,Vorakorn,Male,21,75,167,Beginner,Loosing weight,All
11/22/2023 11:16:47,Hello,Male,21,100,180,Beginner,Loosing weight,All
11/28/2023 15:23:18,David,Male,25,75,180,Intermediate,Building muscle,chest
11/28/2023 15:24:07,Settanan,Male,20,62,168,Beginner,General health,cardio
11/28/2023 15:24:38,Daniel,Male,21,78,172,Advance,Building muscle,upper legs
11/28/2023 15:25:18,Titan,Male,35,56,175,Advance,Building muscle,abs
11/28/2023 15:26:06,Cherry,Female,23,50,167,Beginner,General health,All
11/28/2023 15:26:56,View,Female,25,52,165,Intermediate,General health,upper back
11/28/2023 15:29:01,Win,Male,19,55,176,Advance,Building muscle,shoulders
11/28/2023 15:30:09,Oat,Male,27,78,185,Intermediate,General health,quads
11/28/2023 15:31:15,City,Male,24,60,166,Beginner,Loosing weight,cardio
11/28/2023 15:31:48,Guy,Male,22,79,176,Beginner,Loosing weight,All
11/28/2023 15:32:25,Git,Male,42,68,172,Beginner,Loosing weight,quads
11/28/2023 15:34:16,Nam,Female,34,47,156,Beginner,General health,abs
11/28/2023 15:34:40,Bam,Female,23,48,159,Beginner,Loosing weight,All
11/28/2023 15:35:13,Palm,Female,24,60,163,Intermediate,Building muscle,hamstrings
11/28/2023 15:35:52,Bond,Male,15,56,177,Advance,Building muscle,triceps
11/28/2023 15:36:55,Tin,Male,54,66,175,Intermediate,General health,waist
11/28/2023 15:37:23,Nawin,Male,24,82,176,Beginner,Loosing weight,All
11/28/2023 15:38:36,Marvel,Male,26,77,177,Intermediate,Building muscle,upper back
11/28/2023 15:39:34,Torn,Male,25,53,167,Beginner,Building muscle,chest
11/28/2023 15:42:18,Susa,Female,55,58,169,Advance,Loosing weight,All
11/28/2023 15:44:55,Rawin,Male,23,72,173,Beginner,General health,chest
11/28/2023 15:45:36,Mhadmi,Female,23,48,152,Beginner,Building muscle,upper legs
11/28/2023 15:47:33,James,Male,48,57,173,Advance,Loosing weight,abs
11/28/2023 15:48:23,Jul,Female,24,56,152,Beginner,Building muscle,chest
11/28/2023 15:50:26,Run,Female,22,53,164,Intermediate,Loosing weight,All
11/28/2023 15:50:58,Acare,Female,22,50,167,Beginner,General health,chest
11/28/2023 15:52:29,Kirau,Male,35,70,182,Advance,Building muscle,chest
11/28/2023 15:53:05,Messi,Male,37,66,174,Advance,Building muscle,lower legs
11/28/2023 15:53:37,Breeze,Male,21,55,180,Intermediate,Loosing weight,chest
11/28/2023 15:54:24,Curry,Male,35,72,192,Advance,General health,upper legs
11/28/2023 15:54:53,Wawa,Female,24,55,157,Intermediate,General health,abs
11/28/2023 15:55:26,Land,Male,43,62,183,Intermediate,Building muscle,chest
11/28/2023 15:56:03,Aon,Female,22,57,170,Intermediate,Loosing weight,quads
11/28/2023 15:57:01,Ronin,Male,19,62,178,Advance,Building muscle,back
11/28/2023 15:59:04,Kaowoat,Male,20,67,182,Intermediate,General health,cardio